Feeders,DURBHAT FEEDER,,,,,,,,,,,,,,,,,,,,,,,,,,,,,,,,,,,,,,,,,UNDIR FEEDER,,,,,,,,,,,,,,,,
DTC Name,Dhumre,Manmohan Singh,Perigol,Venktesh Leela,Ritesh Developers,Rajendra Talak,Sneh Mandir,Shashikala Pai,Galshire,Shantadurga,Sanatan-I,Sanatan-II,Ramnathi,Kapileshwari,Matruchaya,Vamneshwar,Golden Properties,Ritesh,Paunwada,Mahalaxmi Nagar,Talaulim,New Talaulim,Wadi,Londiyar,Kaswada,Sewerage HTC,Durbhat,MG School,Chaferan,Shigmomand,Mogru,Shamrao Builder,Kunal,Pearls,Mahalaxmi Bandora,Agrashala,Hindu Jan Jagruti,Vagdor,Nagueshi Temple,Dhoshi,Kashimath Ground,Kharwada,Konar Gaunem,Talulem Bandora,Ram Mandir,Dempo HTC,R B Engineers,Undir Bhakle,Mulebhat,Maruti Temple,Chickale,Adpai,Kavle math,Old Shantadurga,Ramnathu Devasthan,RPRS School,Raigini ,Bandora Panchayat
DTC Capacity[KVA],200,200,400,200,400,630,200,Location Inaccessible,200,400,Transformer Inaccessible,Transformer Inaccessible,200,200,200,200,200,200,200,200,200,200,200,200,200,200,200,200,200,200,200,200,200,200,200,200,200,200,200,200,200,100,200,200,200,Location  inaccessible,200,200,200,200,200,200,200,Transformer Nameplate Damaged,200,200,200,200
DTC Serial Number,GP/240295,GP/240297,187,GP/240296,83,GP/200180,1209,,1317,138,,,1201,GP/240293,1324,1313,1319,1202,1316,1329,5516,1211,GP/240288,1326,1328,1320,1320,1200,G/220612,1205,1208,SVT/TR/325211,1203,1207,1204,GP/240616,Damaged Nameplate,1210,G2/230920,1199,1330,3394,5155,1150675,1318,,1322,1321,1327,1152,1316,1315,GP/240617,,GP/240614,1151,GP/240615,1206
DTC Location{GMap Link],https://maps.app.goo.gl/vPSuSDBafRHJhhi57?g_st=ipc,https://maps.app.goo.gl/pKPWYufgWCjxAuK19?g_st=ipc,https://maps.app.goo.gl/CKwc6TeeTuLcHfC38?g_st=ipc,https://maps.app.goo.gl/jFDdUGLzFPnAnKv86?g_st=ipc,https://maps.app.goo.gl/iCCpxAtQBh7tcExo8?g_st=ipc,https://maps.app.goo.gl/kt71jeGHDYZ4XeoN8?g_st=ipc,https://maps.app.goo.gl/eYNdKkvADbkXVgtP7?g_st=ipc,https://maps.app.goo.gl/9PhSkma9ELWDWCHy6?g_st=ipc,https://maps.app.goo.gl/HCy3maG53sEMMgYn8?g_st=ipc,https://maps.app.goo.gl/HYtWrf6BnoBMkLt48?g_st=ipc,https://maps.app.goo.gl/AhkNQCKrSyC1xA977?g_st=ipc,https://maps.app.goo.gl/AhkNQCKrSyC1xA977?g_st=ipc,https://maps.app.goo.gl/es4uFygt4tutD3BM7?g_st=ipc,https://maps.app.goo.gl/eaz9xoqh7ZUP1jU39,https://maps.app.goo.gl/yk6nMUmzqbjSb3UPA?g_st=ipc,https://maps.app.goo.gl/7HX3no7UCSLNBZt26?g_st=ipc,"https://maps.google.com?q=15.3876657,73.9971917&entry=gps&lucs=,94284493,94224825,94227247,94227248,94231188,94280568,47071704,47069508,94218641,94282134,94203019,47084304&g_st=ipc","https://maps.google.com?q=15.3881354,73.9981087&entry=gps&lucs=,94284493,94224825,94227247,94227248,94231188,94280568,47071704,47069508,94218641,94282134,94203019,47084304&g_st=ipc",https://maps.app.goo.gl/WMqVkVn2WFVL5jGX6?g_st=ipc,https://maps.app.goo.gl/zuCerCG8QEM7YdCM8?g_st=ipc,https://maps.app.goo.gl/36uwRKViTDFgydSZA?g_st=ipc,https://maps.app.goo.gl/jcJ4uXBFGaVduCCWA?g_st=ipc,https://maps.app.goo.gl/1cNzU8Ea8mgzN8vu7?g_st=ipc,https://maps.app.goo.gl/i8Defrwpb1jzuWpF9?g_st=ipc,"https://maps.google.com?q=15.3746636,73.9758229&entry=gps&lucs=,94284457,94224825,94227247,94227248,94231188,94280564,47071704,47069508,94218641,94282134,94203019,47084304&g_st=ipc",https://maps.app.goo.gl/nmWuyFG4N5uuBkJV6?g_st=ipc,https://maps.app.goo.gl/jRrsAbbdswyUz9Gf8?g_st=ipc,https://maps.app.goo.gl/FrhL3oL7x97U7pLm7?g_st=ipc,"https://maps.google.com?q=15.4186450,73.9706884&entry=gps&lucs=,94284457,94224825,94227247,94227248,94231188,94280564,47071704,47069508,94218641,94282134,94203019,47084304&g_st=ipc",https://maps.app.goo.gl/YiceHKcDVgVDiRZ6A?g_st=ipc,https://maps.app.goo.gl/ePfwxU6tmjZyvzzB8?g_st=ipc,https://maps.app.goo.gl/ZRpsCdfWq8im5RgWA?g_st=ipc,https://maps.app.goo.gl/tugEVKXNi4zDNfzi9?g_st=ipc,https://maps.app.goo.gl/2Kxnx16aefQ6kZwG6?g_st=ipc,https://maps.app.goo.gl/2ee6hQcbq9ZYnaTp7?g_st=ipc,"https://maps.google.com?q=15.4061627,73.9807893&entry=gps&lucs=,94284493,94224825,94227247,94227248,94231188,94280568,47071704,47069508,94218641,94282134,94203019,47084304&g_st=ipc",https://maps.app.goo.gl/5EGdvA3fBvzKGoiN7?g_st=ipc,https://maps.app.goo.gl/5Tfsnko1oHkfr1Wn7?g_st=ipc,https://maps.app.goo.gl/eF38TK426vY7DoULA?g_st=ipc,https://maps.app.goo.gl/iLMj3kvx5jJhAW9d7?g_st=ipc,"https://maps.google.com?q=15.4039472,73.9907074&entry=gps&lucs=,94284493,94224825,94227247,94227248,94231188,94280568,47071704,47069508,94218641,94282134,94203019,47084304&g_st=ipc",https://maps.app.goo.gl/Ap24LXmsMhsnLsbk8?g_st=ipc,https://maps.app.goo.gl/LKGMb4D1FcyiYLUz5?g_st=ipc,https://maps.app.goo.gl/29Y4kRQ2StMEuzbN6?g_st=ipc,https://maps.app.goo.gl/MsWGfTyGuMFKaNZn7?g_st=ipc,https://maps.app.goo.gl/TfTDWN6yjaQ74HeC6?g_st=ipc,https://maps.app.goo.gl/3h8ezeLSEje5rqG4A?g_st=ipc,https://maps.app.goo.gl/wScGyPuNKPZwhHEG7?g_st=ipc,https://maps.app.goo.gl/HPjv7ChpfxRVJaUx5?g_st=ipc,"https://maps.google.com?q=15.3828297,73.9631793&entry=gps&lucs=,94284457,94224825,94227247,94227248,94231188,94280564,47071704,47069508,94218641,94282134,94203019,47084304&g_st=ipc",https://maps.app.goo.gl/Z8NwmEdEF9LuJVhN8?g_st=ipc,"https://maps.google.com?q=15.3728060,73.9672451&entry=gps&lucs=,94284457,94224825,94227247,94227248,94231188,94280564,47071704,47069508,94218641,94282134,94203019,47084304&g_st=ipc",https://maps.app.goo.gl/AWwPScAEsZBC8SGZ6?g_st=ipc,https://maps.app.goo.gl/HYtWrf6BnoBMkLt48?g_st=ipc,https://maps.app.goo.gl/ZQHT8gYmj7A3Ew2G7?g_st=ipc,https://maps.app.goo.gl/kTovamUtL291Y4C9A?g_st=ipc,https://maps.app.goo.gl/4J1Pi5KJf71Y18AK8?g_st=ipc,https://maps.app.goo.gl/txVQE82mm3asHA7G9?g_st=ipc
Coordinates,"15°23'49.6""N 73°59'39.4""E","15°24'03.4""N 73°59'35.9""E","15°24'07.1""N 73°59'36.6""E","15°24'04.2""N 73°59'31.1""E","15°24'01.4""N 73°59'30.9""E","15°24'02.4""N 73°59'28.1""E","15°24'04.1""N 73°59'22.6""E","15.39624° N, 73.99077° E","15°23'48.2""N 73°59'13.7""E","15.3966091, 73.9858989","15.3989736, 73.9826702","15.3989736, 73.9826702","15.3991524, 73.9819849","15.39098° N, 73.99390° E","15°23'18.9""N 73°59'47.1""E","15°23'08.9""N 73°59'55.4""E","15°23'15.6""N 73°59'49.9""E","15°23'17.3""N 73°59'53.2""E","15.3908714, 73.9876319","15.3888627, 73.9840297","15.3819016, 73.9801912","15.3802885, 73.9820841","15.3744813, 73.9820526","15°22'38.8""N 73°58'40.8""E","15.3746962, 73.9757444","15°22'17.1""N 73°58'31.0""E","15°22'17.2""N 73°58'31.2""E","15°24'56.7""N 73°57'57.8""E","15.4190119, 73.9704983","15°25'12.7""N 73°57'48.2""E","15°24'20.2""N 73°58'06.4""E","15°24'12.8""N 73°58'30.6""E","15°24'15.1""N 73°58'37.5""E","15°24'17.1""N 73°58'39.3""E","15°24'23.8""N 73°58'47.5""E","15°24'22.2""N 73°58'50.8""E","15°24'13.7""N 73°58'55.4""E","15°24'11.3""N 73°58'50.8""E","15°24'29.1""N 73°59'02.4""E","15°24'36.9""N 73°59'04.8""E","15°24'14.2""N 73°59'26.6""E","15.4058394, 73.9615589","15°24'41.2""N 73°57'36.5""E","15.4005258, 73.9708262","15.4050368, 73.9562746","15.3988905, 73.9541006","15.3959852, 73.9556419","15.3945869, 73.9579047","15.3899896, 73.9610456","15.3828290, 73.9631790","15.3780984, 73.9632148","15.3727747, 73.9671888","15.3943005, 73.9867398","15.39642° N, 73.98599° E","15.3981852, 73.9815624","15.3991524, 73.9819849","15°24'08.0""N 73°59'10.5""E","15°24'15.7""N 73°59'03.7""E"
CT ratio,400:5,400:5,400:5,400:5,400:5,400:5,400:5,,400:5,400:5,,,400:5,400:5,400:5,400:5,400:5,400:5,400:5,400:5,400:5,400:5,400:5,400:5,400:5,400:5,400:5,400:5,400:5,400:5,400:5,400:5,400:5,400:5,400:5,400:5,400:5,400:5,400:5,400:5,400:5,400:5,400:5,400:5,400:5,,400:5,400:5,400:5,400:5,400:5,400:5,400:5,,400:5,400:5,400:5,400:5
Multiplying Factor,80,80,80,80,80,80,80,,80,80,,,80,80,80,80,80,80,80,80,80,80,80,80,80,80,80,80,80,80,80,80,80,80,80,80,80,80,80,80,80,80,80,80,80,,80,80,80,80,80,80,80,,80,80,80,80
Meter Number,641,849,2141,1917,,,0427/05/17,,1991,2089,427/05/32,427/05/32,1953,1980,1975,2044,0427/05/21,0427/05/18,1982,,,427/05/34,,1994,1992,1985,1985,0427/05/09,0427/05/10,0427/05/01,0427/05/02,No energy meter,0427/05/08,0427/05/12,0427/05/04,2024,427/05/33,0427/05/13,0427/05/03,0427/05/05,1929,8,0427/05/11,21,1988,,27,1993,1989,1990,1987,1986,0427/05/24,427/01/66,0427/05/16,1978,2009,0427/05/06
Vector Group,Dyn-11,Dyn-11,Dyn-11,Dyn-11,Dyn-11,DY-11,Dyn-11,,Dyn-11,Dyn-11,,,Dyn-11,Dyn-11,Dyn-11,Dyn-11,Dyn-11,,Dyn11,Dyn11,Dy11,Dyn11,Dyn11,Dyn11,Dyn11,Dyn11,Dyn11,Dy n-11,Dyn-11,Dyn-11,Dyn-11,Dyn-11,Dyn-11,Dyn-11,Dyn-11,Dyn-11,,Dyn-11,Dyn-11,Dyn-11,Dyn-11,Dyn-11,Dy-11,Dyn11,Dyn11,,Dyn11,Dyn11,Dyn11,Dyn11,Dyn11,Dyn11,Dyn11,,Dyn11,Dyn11,Dyn11,Dyn11
HV Voltage[V],11000,11000,11000,11000,11000,11000,11000,,11000,11000,,,11000,11000,11000,11000,11000,11000,11000,11000,11000,11000,11000,11000,11000,11000,11000,11000,11000,11000,11000,11000,11000,11000,11000,11000,,11000,11000,11000,11000,11000,11000,11000,11000,,11000,11000,11000,11000,11000,11000,11000,,11000,11000,11000,11000
LV Voltage[V],433,433,433,433,433,433,433,,433,433,,,433,433,433,433,433,433,433,433,433,433,433,433,433,433,433,433,433,433,433,433,433,433,433,433,,433,433,433,433,433,433,433,433,,433,433,433,433,433,433,433,,433,433,433,433
HV Current[A],10.5,10.497,21,10.497,21,33.06,10.5,,10.5,21,,,10.5,10.5,10.5,10.5,10.5,10.5,10.5,10.5,10.49,10.49,10.49,10.49,10.49,10.49,10.49,10.5,10.497,10.5,10.5,10.49,10.5,10.5,10.5,10.497,,10.49,10.49,10.49,10.5,5.25,10.49,10.49,10.5,,10.5,10.5,10.5,10.5,10.5,10.49,10.497,,10.497,10.5,10.5,10.5
LV Current[A],266.68,266.68,533.34,266.68,533.34,840,266.68,,266.68,533.34,,,266.68,266.68,266.68,266.68,266.68,266.68,266.68,266.68,266.68,266.68,266.68,266.68,266.68,266.68,266.68,266.68,266.68,266.68,266.68,266.64,266.68,266.68,266.68,266.68,,266.68,266.68,266.68,266.68,133.3,166.68,266.68,266.68,,266.68,266.68,266.68,266.68,266.68,266.68,266.68,,266.68,266.68,266.68,266.68
Date,09-10-25,09-10-25,09-10-25,09-10-25,09-10-25,09-10-25,09-10-25,10-10-25,09-10-25,25-9-25,25-9-25,25-9-25,25-9-25,8-10-25,8-10-25,8-10-25,8-10-25,8-10-25,24-9-25,24-9-25,24-9-25,24-9-25,24-9-25,24-9-25,24-9-25,24-9-25,24-9-25,25-9-25,25-9-25,25-9-25,10-10-25,10-10-25,10-10-25,10-10-25,10-10-25,10-10-25,09-10-25,09-10-25,09-10-25,09-10-25,09.10.2025,25-9-25,25-9-25,25-9-25,25-9-25,25-9-25,25-9-25,25-9-25,25-9-25,25-9-25,25-9-25,24-9-25,25-9-25,25-9-25,25-9-25,25-9-25,09-10-25,09-10-25
Time,11.46,11.53,11.58,12.05,12.12,12.19,3.24,4.1,3.15,3.1,3.21,3.21,3.23,11.57,11.36,11.44,12.09,12.23,2.52,3.02,3.17,3.19,3.27,3.35,3.43,3.5,4.17,4.02,4.1,4.16,3.56,3.49,3.44,3.41,3.33,3.28,3.52,3.55,3.42,3.46,12.28,3.51,3.57,3.42,12.28,12.23,12.15,12.08,11.59,11.54,11.45,3.56,3.07,3.1,3.3,3.35,3.3,3.36
RMU Serial Number,SAB01230094,SAB01230095,SAB01230167,SAB01230090,SAB11233353,908418,SAB08232363,,SAB01230101,SAB03241116,SAB01230098,SAB08232365,SAB01230097,SAB01240056,SAB01240061,SAB01240067,SAB12233548,SAB12233555,SAB01230105,SAB01230103,SAB01230096,SAB06241989,SAB01230083,SAB01230093,SAB01230085,SAB01230176,SAB01230086,SAB01230099,SAB01230109,SAAB01230100,SAB01230102,SAB02240431,SAB01230107,SAB11233391,SAB11233389,SAB1240063,SAB03241173,SAB01230166,SAB08232185,SAB02240515,SAB01240351,SAB06241988,SAB01230106,SAB01230108,SAB01230094,SAB01230087,SAB01230092,SAB08232362,SAB01230088,SAB01230104,SAB01230177,SAB01230084,SAB03240813,SAB08232364,MYR0706-01,SAB03240938,SAB03240899,SAB11233392
Total Loss[100%][W],2300,2300,3450,2300,3450,5300,2300,,2300,3450,,,2300,2300,2300,2300,2300,2300,2300,2300,2300,2300,2300,2300,2300,2300,2300,2300,2300,2300,2300,2300,2300,2300,2300,2300,,2300,2300,2300,2300,1650,2300,2300,2300,,2300,2300,2300,2300,2300,2300,2300,,2300,2300,2300,2300
Total Loss[50%][W],780,780,1225,780,1225,1860,780,,780,1225,,,780,780,780,780,780,780,780,780,780,780,780,780,780,780,780,750,780,780,780,780,780,780,780,780,,780,780,780,780,475,780,780,780,,780,780,780,780,780,780,780,,780,780,780,780
Copper Loss[Pcu][W],2026.666667,2026.666667,2966.666667,2026.666667,2966.666667,4586.666667,2026.666667,0,2026.666667,2966.666667,0,0,2026.666667,2026.666667,2026.666667,2026.666667,2026.666667,2026.666667,2026.666667,2026.666667,2026.666667,2026.666667,2026.666667,2026.666667,2026.666667,2026.666667,2026.666667,2066.666667,2026.666667,2026.666667,2026.666667,2026.666667,2026.666667,2026.666667,2026.666667,2026.666667,0,2026.666667,2026.666667,2026.666667,2026.666667,1566.666667,2026.666667,2026.666667,2026.666667,0,2026.666667,2026.666667,2026.666667,2026.666667,2026.666667,2026.666667,2026.666667,0,2026.666667,2026.666667,2026.666667,2026.666667
% Impedence[Z],4.35,4.05,4.5,4.3,4.5,4.38,4.5,,4.5,4.5,,,4.5,4.3,4.5,4.5,4.5,4.5,6.5,4.5,4.66,4.5,4.3,4.5,4.5,4.5,4.5,4.5,4.3,4.5,4.5,4.5,4.5,4.5,4.5,4.27,,4.5,4.4,4.5,4.5,4..5,4.77,4.61,4.5,,4.5,4.5,4.5,4.5,4.5,4.5,4.31,,4.32,4.5,4.31,4.5
Zbase[Secondary],0.937445,0.937445,0.4687225,0.937445,0.4687225,0.2976015873,0.937445,#VALUE!,0.937445,0.4687225,#VALUE!,#VALUE!,0.937445,0.937445,#REF!,0.937445,0.937445,0.937445,0.937445,0.937445,0.937445,0.937445,0.937445,0.937445,0.937445,0.937445,0.937445,0.937445,0.937445,0.937445,0.937445,0.937445,0.937445,0.937445,0.937445,0.937445,0,0.937445,0.937445,0.937445,0.937445,1.87489,0.937445,0.937445,0.937445,#VALUE!,0.937445,0.937445,0.937445,0.937445,0.937445,0.937445,0.937445,#VALUE!,0.937445,0.937445,0.937445,0.937445
"Zbase[Primary]
",605,605,302.5,605,302.5,192.0634921,605,#VALUE!,605,302.5,#VALUE!,#VALUE!,605,605,#REF!,605,605,605,605,605,605,605,605,605,605,605,605,605,605,605,605,605,605,605,605,605,#DIV/0!,605,605,605,605,1210,605,605,605,#VALUE!,605,605,605,605,605,605,605,#VALUE!,605,605,605,605
Zactual[Seconary],0.0407788575,0.0379665225,0.0210925125,0.040310135,0.0210925125,0.01303494952,0.042185025,#VALUE!,0.042185025,0.0210925125,#VALUE!,#VALUE!,0.042185025,0.040310135,#REF!,0.042185025,0.042185025,0.042185025,0.060933925,0.042185025,0.043684937,0.042185025,0.040310135,0.042185025,0.042185025,0.042185025,0.042185025,0.042185025,0.040310135,0.042185025,0.042185025,0.042185025,0.042185025,0.042185025,0.042185025,0.0400289015,0,0.042185025,0.04124758,0.042185025,0.042185025,#VALUE!,0.0447161265,0.0432162145,0.042185025,#VALUE!,0.042185025,0.042185025,0.042185025,0.042185025,0.042185025,0.042185025,0.0404038795,#VALUE!,0.040497624,0.042185025,0.0404038795,0.042185025
Zactual[Primary],26.3175,24.5025,13.6125,26.015,13.6125,8.412380952,27.225,#VALUE!,27.225,13.6125,#VALUE!,#VALUE!,27.225,26.015,#REF!,27.225,27.225,27.225,39.325,27.225,28.193,27.225,26.015,27.225,27.225,27.225,27.225,27.225,26.015,27.225,27.225,27.225,27.225,27.225,27.225,25.8335,#DIV/0!,27.225,26.62,27.225,27.225,#VALUE!,28.8585,27.8905,27.225,#VALUE!,27.225,27.225,27.225,27.225,27.225,27.225,26.0755,#VALUE!,26.136,27.225,26.0755,27.225
Resistance_actual[Secondary],0.009499050071,0.009499050071,0.003476475588,0.009499050071,0.003476475588,0.002166792643,0.009499050071,#DIV/0!,0.009499050071,0.003476475588,#DIV/0!,#DIV/0!,0.009499050071,0.009499050071,#REF!,0.009499050071,0.009499050071,0.009499050071,0.009499050071,0.009499050071,0.009499050071,0.009499050071,0.009499050071,0.009499050071,0.009499050071,0.009499050071,0.009499050071,0.009686531323,0.009499050071,0.009499050071,0.009499050071,0.009501900285,0.009499050071,0.009499050071,0.009499050071,0.009499050071,#DIV/0!,0.009499050071,0.009499050071,0.009499050071,0.009499050071,0.02938969301,0.02431610927,0.009499050071,0.009499050071,#DIV/0!,0.009499050071,0.009499050071,0.009499050071,0.009499050071,0.009499050071,0.009499050071,0.009499050071,#DIV/0!,0.009499050071,0.009499050071,0.009499050071,0.009499050071
Reactance_actual[Secondary],0.03965707083,0.03675901085,0.0208040429,0.03917492861,0.0208040429,0.01285359556,0.04110163478,#VALUE!,0.04110163478,0.0208040429,#VALUE!,#VALUE!,0.04110163478,0.03917492861,#REF!,0.04110163478,0.04110163478,0.04110163478,0.06018896297,0.04110163478,0.04263967364,0.04110163478,0.03917492861,0.04110163478,0.04110163478,0.04110163478,0.04110163478,0.04105785485,0.03917492861,0.04110163478,0.04110163478,0.04110097596,0.04110163478,0.04110163478,0.04110163478,0.03888548576,#DIV/0!,0.04110163478,0.04013889515,0.04110163478,0.04110163478,#VALUE!,0.03752677443,0.04215933163,0.04110163478,#VALUE!,0.04110163478,0.04110163478,0.04110163478,0.04110163478,0.04110163478,0.04110163478,0.03927138305,#VALUE!,0.03936782439,0.04110163478,0.03927138305,0.04110163478
Resistance_actual[Primary],6.127488032,6.130990955,2.242378433,6.130990955,2.242378433,1.398847033,6.127488032,#DIV/0!,6.127488032,2.242378433,#DIV/0!,#DIV/0!,6.127488032,6.127488032,#REF!,6.127488032,6.127488032,6.127488032,6.127488032,6.127488032,6.139176133,6.139176133,6.139176133,6.139176133,6.139176133,6.139176133,6.139176133,6.248425296,6.130990955,6.127488032,6.127488032,6.139176133,6.127488032,6.127488032,6.127488032,6.130990955,#DIV/0!,6.139176133,6.139176133,6.139176133,6.127488032,18.94683799,6.139176133,6.139176133,6.127488032,#DIV/0!,6.127488032,6.127488032,6.127488032,6.127488032,6.127488032,6.139176133,6.130990955,#DIV/0!,6.130990955,6.127488032,6.127488032,6.127488032
Reactance_actual[Primary],25.59423171,23.72305748,13.42653698,25.28223042,13.42653698,8.295262519,26.52648705,#VALUE!,26.52648705,13.42653698,#VALUE!,#VALUE!,26.52648705,25.28307963,#REF!,26.52648705,26.52648705,26.52648705,38.84468452,26.52648705,27.51646353,26.52378445,25.28024409,26.52378445,26.52378445,26.52378445,26.52378445,26.49826044,25.28223042,26.52648705,26.52648705,26.52378445,26.52648705,26.52648705,26.52648705,25.0954313,#DIV/0!,26.52378445,25.9024114,26.52378445,26.52648705,#VALUE!,28.19793501,27.20644237,26.52648705,#VALUE!,26.52648705,26.52648705,26.52648705,26.52648705,26.52648705,26.52378445,25.34447968,#VALUE!,25.40672049,26.52648705,25.3453268,26.52648705
Vrn[R phase Voltage],234.15,234,236,235,237,234,238,,248,239.78,,,244,235,234,235.45,236.3,233,240.33,242,235,246,244,243,243,243,244,248,245,245,237,Damaged Panel,236,235.47,235,236,240,238,239,239,242,244,243,239.43,245,,249,246,247,244,245,242,238,239,244,244,239,244
Vyn[Y phase Voltage],234.77,233,239,236,237,231,238,,239,239.84,,,245,233,233,236.45,236.6,241,241,241,233,246,244,242,245,242,245,246,247,247,234,,237,233.4,236,238,240,239,239.37,239,240,245,244,239.09,247,,249.22,246,246,244,242,243,240,240,245,243,238,241
Vbn[B phase Voltage],234.93,236,237,237,234,240,237,,239,238.15,,,243,234,233,235.85,236.7,236,240.1,242,234,248,245,242,246,244,243,247,245,242,237,,233,231.8,234,238,241,238,239.2,238,242,243,241,240.1,247,,249.4,248,245,245,241,243,240,239,243,243,240,242
Ir[R phase Current],1.08,0.6,37,0.33,0.5,31,17,,16,0.43,,,0.64,19,1.47,0.41,15.07,10.09,59,58,19,0.31,0.53,56,0.32,58,0.64,6.77,20.1,8.37,28.9,,73.4,2.75,51.9,0.31,18.05,0.53,42,51.5,5.01,0.64,7.78,0.3,0.61,,0.41,0.31,48,0.53,70,0.14,46.23,0.43,0.64,0.26,0.76,0.52
Iy[Y phase Current],0.93,0.5,31,0.77,0.71,30,19,,14,0.4,,,0.33,6,1.39,0.41,15,13,34,50,6,0.14,0.49,52,0.15,63,0.33,6.08,19,7.15,43.9,,56.8,2.04,50,0.14,17.66,0.49,22,29.8,7.3,0.33,5.81,0.26,0.29,,0.35,0.14,21,0.49,67,0.09,45,0.36,0.2,0.08,0.34,0.77
Ib[B phase Current],0.62,0.97,30,0.6,0.66,33,42,,16,0.36,,,0.2,4,1.17,0.43,15.1,14.12,66,68,4,0.25,"0,28",61,0.27,48,0.2,9.68,21.5,3.51,19.6,,68.6,3.2,54.3,0.25,19.75,"0,28",17,55.9,2.6,0.2,5.91,0.36,0.75,,0.43,0.25,35,"0,28",65,0.03,45,0.43,0.33,0.03,0.39,0.61
[Reactive Energy Consumed]kVArh,36.27,119.18,4.69,186.62,CT not connected,839.37,523.11,,261.14,261.7,,,480.84,86.16,808.2,93.31,energy meter not present,energy meter not present,413.41,711.53,energy meter not present,energy meter not present,energy meter not present,362.54,250.1,348.82,480.84,CT not connected,CT not connected ,CT not connected,0.19,,0.19,0.21,0.2,0.79,1.3,0.19,4.69,86.16,161.553,480.84,247.17,36.27,127.47,,CT not connected,248.9,165.72,94.15,392.09,1.3,energy meter not present,261.7,480.84,133.91,124,energy meter not present
[Real Energy Consumed]kWh,1302.39,1258.7,268.51,957.44,,1274.33,999.256,,4108.9,1610.35,,,2729.87,611.81,5668.53,1785.6,,,3701.68,69.4,,,,4595.21,1431.44,3576.53,2729.87,,,,2.041,,2.032,2.051,2.047,4.06,45.39,2.041,268.51,611.81,1187.38,2729.87,1428.41,1302.39,1812.6,,,1430.41,2866.67,1248.3,3524.98,45.39,,1610.35,2722.78,1219.07,1314.55,
[Apparent Energy Consumed]kVAh,1304.92,1264.33,268.87,977.67,,1525.93,1127.9,,4117.2,16353.31,,,2771.9,620.77,5754.65,1792.08,,,3728.6,714.93,,,,4613.31,1453.42,3597.32,2771.9,,,,2.05,,2.04,2.07,2.06,4.16,45.53,2.05,268.87,620.77,1198.32,2771.9,1449.49,1304.92,1818.86,,,1451.49,2875.63,1251.87,3546.72,45.53,,1635.31,2771.9,1226.41,1321.99,
Real Power[kW],1.028,0.74,0.248,0.618,,0.7853,1.8024,,0.79,0.576,,,0.682,0.184,1.16,0.3,,,0.914,1.506,,,,0.922,0.342,1.558,0.682,,,,0.2,,0.2,0.2,0.2,0.184,0.158,0.2,0.248,0.184,0,0.682,0.347,1.028,0.902,,,0.342,0.676,0.696,1.296,0.158,,0.576,0.682,0.488,0.742,
Reactive Power[kVAr],0.258,0.038,0.144,0.295,,0.146,0.466,,0.682,0.283,,,0.248,0.078,0.358,0.35,,,0.21,0.134,,,,0.27,0.135,0.721,0.248,,,,0.46,,0.774,0.45,0.46,0.078,0.084,0.46,0.144,0.078,0.214,0.248,0.138,0.258,0.264,,,0.135,0.052,0.064,0.485,0.084,,0.283,0.736,0.108,0.349,
Apparent Power[kVA],1.06,0.741,0.322,0.685,,0.7988,1.8625,,1.044,0.642,,,0.726,0.2,1.214,0.27,,,0.938,1.512,,,,0.963,0.368,1.674,0.726,,,,0.502,,0.8,0.51,0.502,0.2,0.133,0.502,0.322,0.2,0.364,0.726,0.371,1.06,0.94,,,0.368,0.678,0.699,1.384,0.133,,0.642,0.276,0.5,0.82,
Frequency[Hz],50,50,50,50,50,50,50,50,50,50,50,50,50,50,50,50,50,50,50,50,50,50,50,50,50,50,50,50,50,50,50,50,50,50,50,50,50,50,50,50,50,50,50,50,50,50,50,50,50,50,50,50,50,50,50,50,50,50
Conductor Thickness,,,,,,,,,,,,,,,,,,,,,,,,,,,,,,,,,,,,,,,,,,,,,,,,,,,,,,,,,,
,,,,,,,,,,,,,,,,,,,,,,,,,,,,,,,,,,,,,,,,,,,,,,,,,,,,,,,,, ,
%R,1.013333333,1.013333333,0.7416666667,1.013333333,0.7416666667,0.728042328,1.013333333,#VALUE!,1.013333333,0.7416666667,#VALUE!,#VALUE!,1.013333333,1.013333333,1.013333333,1.013333333,1.013333333,1.013333333,1.013333333,1.013333333,1.013333333,1.013333333,1.013333333,1.013333333,1.013333333,1.013333333,1.013333333,1.033333333,1.013333333,1.013333333,1.013333333,1.013333333,1.013333333,1.013333333,1.013333333,1.013333333,0,1.013333333,1.013333333,1.013333333,1.013333333,1.566666667,1.013333333,1.013333333,1.013333333,#VALUE!,1.013333333,1.013333333,1.013333333,1.013333333,1.013333333,1.013333333,1.013333333,#VALUE!,1.013333333,1.013333333,1.013333333,1.013333333
%X,4.230325703,3.921180378,4.438460381,4.178894059,4.438460381,4.319068692,4.384421918,#VALUE!,4.384421918,4.438460381,#VALUE!,#VALUE!,4.384421918,4.178894059,4.384421918,4.384421918,4.384421918,4.384421918,6.420526112,4.384421918,4.548489371,4.384421918,4.178894059,4.384421918,4.384421918,4.384421918,4.384421918,4.379751388,4.178894059,4.384421918,4.384421918,4.384421918,4.384421918,4.384421918,4.384421918,4.148018268,0,4.384421918,4.281723433,4.384421918,4.384421918,#VALUE!,4.661121706,4.497249777,4.384421918,#VALUE!,4.384421918,4.384421918,4.384421918,4.384421918,4.384421918,4.384421918,4.189183161,#VALUE!,4.199470866,4.384421918,4.189183161,4.384421918
Iron Loss,273.3333333,273.3333333,483.3333333,273.3333333,483.3333333,713.3333333,273.3333333,0,273.3333333,483.3333333,0,0,273.3333333,273.3333333,273.3333333,273.3333333,273.3333333,273.3333333,273.3333333,273.3333333,273.3333333,273.3333333,273.3333333,273.3333333,273.3333333,273.3333333,273.3333333,233.3333333,273.3333333,273.3333333,273.3333333,273.3333333,273.3333333,273.3333333,273.3333333,273.3333333,0,273.3333333,273.3333333,273.3333333,273.3333333,83.33333333,273.3333333,273.3333333,273.3333333,0,273.3333333,273.3333333,273.3333333,273.3333333,273.3333333,273.3333333,273.3333333,0,273.3333333,273.3333333,273.3333333,273.3333333
%No Load Loss,0.1366666667,0.1366666667,0.1208333333,0.1366666667,0.1208333333,0.1132275132,0.1366666667,#VALUE!,0.1366666667,0.1208333333,#VALUE!,#VALUE!,0.1366666667,0.1366666667,0.1366666667,0.1366666667,0.1366666667,0.1366666667,0.1366666667,0.1366666667,0.1366666667,0.1366666667,0.1366666667,0.1366666667,0.1366666667,0.1366666667,0.1366666667,0.1166666667,0.1366666667,0.1366666667,0.1366666667,0.1366666667,0.1366666667,0.1366666667,0.1366666667,0.1366666667,0,0.1366666667,0.1366666667,0.1366666667,0.1366666667,0.08333333333,0.1366666667,0.1366666667,0.1366666667,#VALUE!,0.1366666667,0.1366666667,0.1366666667,0.1366666667,0.1366666667,0.1366666667,0.1366666667,#VALUE!,0.1366666667,0.1366666667,0.1366666667,0.1366666667